{"0_0": [-0.07305329,  0.09802818,  0.07269541], "8_0": [-0.06942114866724552, 0.11697283257816105, 0.07222541684736243], "0_8": [-0.06542114866724552, 0.11697283257816105, 0.07222541684736243], "8_8": [-0.06542114866724552, 0.11697283257816105, 0.07222541684736243], "starting": [-0.06915793,  0.06085899,  0.118 ]}